id;Class_label
0;0
1;0
2;1
3;1
4;2
5;0
6;0
7;2
8;2
9;2
10;1
11;0
12;0
13;0
14;2
15;0
16;1
17;1
18;1
19;2
20;2
21;0
22;1
23;2
24;0
25;1
26;0
27;2
28;1
29;2
30;2
31;0
32;1
33;1
34;2
35;2
36;1
37;1
38;2
39;0
40;0
41;0
42;2
43;0
44;0
45;0
46;0
47;0
48;1
49;0
50;0
51;0
52;0
53;2
54;1
55;0
56;1
57;0
58;0
59;2
60;1
61;0
62;1
63;1
64;2
65;2
66;2
67;1
68;0
69;2
70;0
71;0
72;0
73;2
74;2
75;2
76;0
77;2
78;0
79;0
80;0
81;1
82;2
83;1
84;1
85;2
86;2
87;1
88;0
89;2
90;2
91;1
92;2
93;0
94;2
95;0
96;0
97;0
98;1
99;0
100;2
101;0
102;2
103;0
104;2
105;0
106;2
107;0
108;2
109;0
110;2
111;2
112;2
113;2
114;0
115;0
116;0
117;0
118;0
119;2
120;0
121;2
122;2
123;0
124;1
125;0
126;0
127;0
128;0
129;1
130;2
131;0
132;1
133;1
134;1
135;0
136;1
137;1
138;2
139;0
140;0
141;0
142;0
143;2
144;1
145;0
146;0
147;0
148;1
149;0
150;0
151;1
152;2
153;1
154;2
155;2
156;0
157;0
158;2
159;2
160;2
161;1
162;0
163;1
164;2
165;1
166;2
167;2
168;0
169;0
170;1
171;2
172;2
173;2
174;2
175;0
176;2
177;0
178;0
179;1
180;2
181;1
182;2
183;0
184;2
185;0
186;0
187;2
188;1
189;0
190;1
191;0
192;1
193;1
194;2
195;2
196;2
197;1
198;2
199;0
200;1
201;2
202;2
203;2
204;0
205;2
206;0
207;2
208;1
209;2
210;2
211;0
212;2
213;2
214;1
215;0
216;2
217;1
218;0
219;1
220;0
221;2
222;0
223;2
224;1
225;2
226;2
227;1
228;0
229;1
230;0
231;2
232;2
233;1
234;2
235;0
236;2
237;0
238;1
239;0
240;0
241;0
242;0
243;2
244;2
245;1
246;2
247;2
248;1
249;1
250;2
251;0
252;1
253;2
254;2
255;2
256;0
257;2
258;2
259;2
260;0
261;0
262;0
263;0
264;0
265;0
266;1
267;2
268;2
269;0
270;2
271;1
272;0
273;0
274;2
275;2
276;0
277;0
278;0
279;1
280;0
281;2
282;2
283;2
284;0
285;2
286;0
287;0
288;0
289;0
290;0
291;0
292;0
293;1
294;1
295;2
296;2
297;1
298;0
299;1
300;0
301;1
302;2
303;1
304;0
305;1
306;0
307;2
308;0
309;2
310;1
311;2
312;0
313;0
314;2
315;0
316;2
317;2
318;2
319;0
320;0
321;0
322;0
323;1
324;0
325;0
326;2
327;0
328;0
329;2
330;1
331;2
332;1
333;2
334;2
335;2
336;2
337;2
338;2
339;2
340;2
341;2
342;2
343;1
344;2
345;0
346;2
347;1
348;2
349;1
350;2
351;2
352;2
353;2
354;2
355;1
356;2
357;2
358;0
359;0
360;0
361;1
362;0
363;0
364;0
365;0
366;2
367;0
368;2
369;2
370;2
371;1
372;1
373;1
374;0
375;2
376;0
377;1
378;0
379;2
380;0
381;2
382;1
383;0
384;1
385;2
386;2
387;0
388;1
389;0
390;0
391;0
392;2
393;0
394;2
395;0
396;2
397;2
398;1
399;0
400;0
401;0
402;2
403;1
404;1
405;2
406;2
407;0
408;0
409;2
410;2
411;0
412;0
413;2
414;0
415;2
416;1
417;0
418;0
419;0
420;2
421;0
422;1
423;2
424;2
425;2
426;0
427;0
428;0
429;1
430;2
431;0
432;0
433;1
434;2
435;1
436;2
437;2
438;2
439;2
440;0
441;2
442;0
443;0
444;0
445;2
446;0
447;0
448;0
449;2
450;0
451;2
452;1
453;2
454;0
455;0
456;2
457;2
458;1
459;2
460;0
461;0
462;0
463;2
464;1
465;0
466;1
467;0
468;0
469;0
470;1
471;2
472;1
473;2
474;1
475;1
476;1
477;2
478;2
479;0
480;2
481;0
482;0
483;2
484;2
485;0
486;0
487;0
488;0
489;2
490;0
491;0
492;1
493;2
494;2
495;0
496;0
497;1
498;1
499;0
500;0
501;0
502;2
503;2
504;1
505;2
506;2
507;2
508;1
509;0
510;2
511;0
512;2
513;2
514;0
515;0
516;2
517;2
518;2
519;2
520;2
521;2
522;0
523;0
524;1
525;0
526;2
527;0
528;2
529;0
530;2
531;1
532;1
533;0
534;2
535;2
536;0
537;1
538;0
539;2
540;0
541;2
542;1
543;2
544;2
545;1
546;1
547;1
548;1
549;0
550;1
551;2
552;0
553;2
554;0
555;1
556;2
557;2
558;2
559;0
560;1
561;2
562;0
563;0
564;0
565;0
566;2
567;1
568;2
569;1
570;0
571;0
572;2
573;1
574;0
575;2
576;0
577;0
578;2
579;0
580;0
581;2
582;2
583;2
584;0
585;2
586;2
587;1
588;1
589;0
590;2
591;0
592;1
593;2
594;1
595;2
596;2
597;0
598;0
599;2
600;0
601;0
602;0
603;0
604;0
605;2
606;0
607;2
608;2
609;2
610;2
611;0
612;2
613;1
614;1
615;2
616;1
617;0
618;0
619;2
620;0
621;2
622;2
623;1
624;0
625;2
626;2
627;0
628;2
629;1
630;0
631;2
632;2
633;2
634;0
635;2
636;0
637;1
638;1
639;2
640;0
641;0
642;2
643;2
644;0
645;0
646;1
647;2
648;0
649;1
650;0
651;1
652;1
653;2
654;2
655;2
656;0
657;2
658;1
659;2
660;0
661;2
662;0
663;1
664;0
665;0
666;0
667;0
668;0
669;0
670;2
671;0
672;0
673;2
674;0
675;1
676;1
677;2
678;2
679;0
680;1
681;0
682;2
683;2
684;1
685;0
686;2
687;0
688;1
689;2
690;1
691;1
692;0
693;1
694;1
695;0
696;2
697;0
698;2
699;2
700;2
701;2
702;1
703;1
704;0
705;1
706;0
707;0
708;2
709;2
710;2
711;2
712;2
713;2
714;2
715;0
716;0
717;1
718;1
719;1
720;1
721;1
722;2
723;2
724;1
725;0
726;1
727;1
728;1
729;2
730;1
731;1
732;2
733;2
734;2
735;2
736;0
737;2
738;0
739;2
740;0
741;0
742;2
743;2
744;0
745;0
746;0
747;0
748;2
749;2
750;0
751;0
752;2
753;2
754;1
755;0
756;0
757;0
758;0
759;1
760;2
761;2
762;0
763;2
764;0
765;0
766;2
767;2
768;1
769;0
770;2
771;1
772;2
773;1
774;0
775;2
776;0
777;0
778;2
779;2
780;0
781;2
782;2
783;1
784;0
785;0
786;0
787;2
788;0
789;1
790;0
791;2
792;0
793;0
794;0
795;2
796;1
797;2
798;0
799;2
800;0
801;2
802;2
803;0
804;1
805;0
806;2
807;0
808;0
809;1
810;0
811;2
812;2
813;2
814;1
815;2
816;2
817;0
818;1
819;0
820;0
821;0
822;1
823;0
824;1
825;2
826;2
827;2
828;2
829;0
830;0
831;2
832;0
833;0
834;0
835;1
836;2
837;1
838;2
839;2
840;0
841;0
842;2
843;2
844;2
845;2
846;0
847;0
848;1
849;2
850;1
851;1
852;2
853;1
854;2
855;2
856;2
857;0
858;2
859;2
860;2
861;0
862;2
863;0
864;2
865;0
866;2
867;2
868;2
869;0
870;1
871;1
872;0
873;0
874;0
875;0
876;2
877;1
878;0
879;1
880;1
881;0
882;0
883;1
884;2
885;2
886;2
887;1
888;0
889;0
890;1
891;2
892;0
893;1
894;2
895;0
896;0
897;0
898;2
899;2
900;0
901;2
902;0
903;1
904;2
905;0
906;1
907;0
908;1
909;1
910;1
911;2
912;0
913;1
914;2
915;0
916;0
917;0
918;2
919;0
920;2
921;1
922;2
923;2
924;2
925;0
926;0
927;2
928;2
929;2
930;2
931;2
932;0
933;1
934;2
935;2
936;0
937;0
938;1
939;1
940;0
941;0
942;0
943;0
944;0
945;0
946;2
947;1
948;0
949;0
950;2
951;2
952;2
953;0
954;2
955;0
956;1
957;2
958;1
959;0
960;2
961;1
962;2
963;0
964;2
965;0
966;0
967;2
968;0
969;2
970;2
971;1
972;2
973;2
974;1
975;0
976;2
977;2
978;0
979;2
980;2
981;2
982;2
983;2
984;0
985;0
986;2
987;2
988;2
989;1
990;0
991;0
992;0
993;1
994;2
995;1
996;1
997;0
998;2
999;1
1000;1
1001;0
1002;2
1003;1
1004;0
1005;0
1006;2
1007;1
1008;0
1009;2
1010;1
1011;0
1012;2
1013;2
1014;0
1015;0
1016;2
1017;0
1018;1
1019;0
1020;1
1021;2
1022;0
1023;0
1024;0
1025;1
1026;2
1027;0
1028;0
1029;0
1030;0
1031;1
1032;2
1033;1
1034;0
1035;1
1036;0
1037;0
1038;2
1039;0
1040;2
1041;0
1042;0
1043;2
1044;2
1045;1
1046;0
1047;0
1048;0
1049;2
1050;1
1051;1
1052;0
1053;2
1054;2
1055;1
1056;0
1057;0
1058;2
1059;2
1060;0
1061;2
1062;0
1063;0
1064;0
1065;2
1066;0
1067;1
1068;2
1069;2
1070;1
1071;0
1072;2
1073;0
1074;0
1075;0
1076;2
1077;2
1078;0
1079;2
1080;1
1081;2
1082;0
1083;2
1084;2
1085;0
1086;1
1087;0
1088;1
1089;1
1090;1
1091;1
1092;1
1093;2
1094;0
1095;2
1096;2
1097;2
1098;0
1099;1
1100;0
1101;0
1102;0
1103;2
1104;2
1105;2
1106;0
1107;1
1108;2
1109;2
1110;0
1111;2
1112;2
1113;1
1114;0
1115;0
1116;1
1117;1
1118;1
1119;0
1120;2
1121;2
1122;0
1123;0
1124;2
1125;1
1126;2
1127;0
1128;1
1129;2
1130;1
1131;2
1132;1
1133;2
1134;2
1135;2
1136;2
1137;1
1138;2
1139;0
1140;2
1141;0
1142;2
1143;2
1144;0
1145;1
1146;0
1147;0
1148;1
1149;2
1150;2
1151;2
1152;1
1153;0
1154;1
1155;2
1156;1
1157;0
1158;0
1159;1
1160;0
1161;0
1162;1
1163;2
1164;0
1165;1
1166;2
1167;0
1168;2
1169;0
1170;0
1171;2
1172;0
1173;2
1174;2
1175;2
1176;2
1177;0
1178;1
1179;0
1180;2
1181;2
1182;0
1183;2
1184;2
1185;0
1186;2
1187;2
1188;0
1189;0
1190;2
1191;2
1192;2
1193;2
1194;2
1195;0
1196;2
1197;0
1198;0
1199;0
1200;0
1201;0
1202;1
1203;0
1204;1
1205;2
1206;0
1207;1
1208;0
1209;0
1210;0
1211;0
1212;2
1213;2
1214;2
1215;0
1216;0
1217;2
1218;0
1219;2
1220;0
1221;0
1222;1
1223;2
1224;1
1225;2
1226;1
1227;2
1228;0
1229;2
1230;0
1231;2
1232;0
1233;0
1234;2
1235;1
1236;0
1237;0
1238;0
1239;0
1240;0
1241;0
1242;2
1243;0
1244;0
1245;2
1246;2
1247;0
1248;0
1249;0
1250;0
1251;2
1252;0
1253;0
1254;1
1255;1
1256;0
1257;2
1258;2
1259;2
1260;2
1261;2
1262;0
1263;1
1264;0
1265;0
1266;0
1267;0
1268;2
1269;1
1270;0
1271;0
1272;1
1273;2
1274;0
1275;1
1276;0
1277;2
1278;0
1279;1
1280;0
1281;1
1282;2
1283;2
1284;2
1285;1
1286;2
1287;0
1288;2
1289;1
1290;0
1291;0
1292;1
1293;0
1294;2
1295;2
1296;2
1297;0
1298;2
1299;1
1300;0
1301;2
1302;0
1303;2
1304;2
1305;2
1306;1
1307;0
1308;0
1309;2
1310;0
1311;0
1312;1
1313;0
1314;1
1315;2
1316;2
1317;2
1318;2
1319;1
1320;1
1321;2
1322;2
1323;2
1324;0
1325;0
1326;1
1327;2
1328;0
1329;2
1330;0
1331;2
1332;2
1333;2
1334;2
1335;2
1336;2
1337;1
1338;0
1339;0
1340;0
1341;2
1342;2
1343;0
1344;0
1345;1
1346;0
1347;1
1348;0
1349;2
1350;0
1351;0
1352;0
1353;0
1354;2
1355;2
1356;2
1357;0
1358;2
1359;2
1360;1
1361;0
1362;2
1363;2
1364;2
1365;2
1366;0
1367;1
1368;2
1369;1
1370;2
1371;2
1372;0
1373;0
1374;2
1375;1
1376;1
1377;0
1378;2
1379;1
1380;0
1381;2
1382;1
1383;2
1384;1
1385;1
1386;0
1387;0
1388;1
1389;1
1390;0
1391;0
1392;0
1393;2
1394;1
1395;2
1396;2
1397;2
1398;0
1399;2
1400;0
1401;2
1402;2
1403;2
1404;2
1405;0
1406;2
1407;2
1408;1
1409;0
1410;0
1411;1
1412;0
1413;1
1414;1
1415;2
1416;1
1417;2
1418;2
1419;2
1420;0
1421;0
1422;0
1423;1
1424;1
1425;2
1426;0
1427;0
1428;0
1429;0
1430;0
1431;0
1432;0
1433;0
1434;0
1435;0
1436;0
1437;2
1438;1
1439;1
1440;1
1441;2
1442;0
1443;2
1444;0
1445;2
1446;0
1447;0
1448;2
1449;0
1450;0
1451;2
1452;2
1453;0
1454;0
1455;2
1456;2
1457;2
1458;0
1459;2
1460;0
1461;2
1462;0
1463;0
1464;1
1465;2
1466;2
1467;1
1468;2
1469;1
1470;0
1471;2
1472;2
1473;0
1474;1
1475;1
1476;2
1477;2
1478;0
1479;1
1480;1
1481;2
1482;2
1483;1
1484;1
1485;0
1486;2
1487;2
1488;1
1489;1
1490;2
1491;2
1492;2
1493;0
1494;2
1495;2
1496;1
1497;2
1498;0
1499;2
1500;0
1501;2
1502;1
1503;0
1504;0
1505;2
1506;0
1507;2
1508;2
1509;1
1510;0
1511;2
1512;0
1513;1
1514;1
1515;2
1516;0
1517;2
1518;2
1519;2
1520;2
1521;0
1522;2
1523;1
1524;0
1525;2
1526;0
1527;0
1528;1
1529;1
1530;2
1531;1
1532;2
1533;0
1534;1
1535;0
1536;2
1537;0
1538;2
1539;2
1540;2
1541;2
1542;0
1543;2
1544;2
1545;0
1546;2
1547;2
1548;0
1549;0
1550;0
1551;2
1552;2
1553;0
1554;0
1555;2
1556;0
1557;0
1558;0
1559;1
1560;0
1561;2
1562;2
1563;2
1564;2
1565;2
1566;1
1567;2
1568;2
1569;0
1570;2
1571;2
1572;0
1573;0
1574;1
1575;0
1576;0
1577;2
1578;0
1579;2
1580;2
1581;0
1582;2
1583;2
1584;0
1585;1
1586;1
1587;2
1588;0
1589;2
1590;2
1591;2
1592;0
1593;0
1594;2
1595;0
1596;2
1597;2
1598;1
1599;0
1600;0
1601;2
1602;2
1603;0
1604;2
1605;1
1606;0
1607;2
1608;0
1609;1
1610;0
1611;1
1612;2
1613;0
1614;0
1615;0
1616;0
1617;0
1618;0
1619;1
1620;0
1621;2
1622;1
1623;1
1624;1
1625;2
1626;0
1627;0
1628;1
1629;2
1630;0
1631;1
1632;2
1633;1
1634;2
1635;0
1636;2
1637;1
1638;0
1639;1
1640;0
1641;0
1642;0
1643;0
1644;0
1645;2
1646;0
1647;0
1648;2
1649;0
1650;1
1651;2
1652;0
1653;1
1654;2
1655;0
1656;2
1657;1
1658;0
1659;2
1660;1
1661;0
1662;1
1663;2
1664;0
1665;2
1666;0
1667;0
1668;1
1669;0
1670;0
1671;2
1672;1
1673;0
1674;2
1675;0
1676;2
1677;2
1678;0
1679;2
1680;0
1681;1
1682;1
1683;1
1684;2
1685;0
1686;2
1687;1
1688;0
1689;2
1690;2
1691;2
1692;2
1693;0
1694;0
1695;0
1696;2
1697;2
1698;0
1699;0
1700;0
1701;2
1702;1
1703;0
1704;2
1705;0
1706;1
1707;0
1708;1
1709;2
1710;2
1711;0
1712;2
1713;1
1714;2
1715;0
1716;1
1717;2
1718;1
1719;1
1720;2
1721;0
1722;2
1723;0
1724;1
1725;2
1726;0
1727;2
1728;1
1729;0
1730;0
1731;2
1732;2
1733;1
1734;2
1735;1
1736;0
1737;2
1738;2
1739;2
1740;0
1741;1
1742;0
1743;2
1744;2
1745;2
1746;0
1747;0
1748;2
1749;1
1750;2
1751;2
1752;1
1753;2
1754;2
1755;2
1756;2
1757;0
1758;0
1759;1
1760;0
1761;0
1762;1
1763;2
1764;1
1765;2
1766;0
1767;0
1768;2
1769;2
1770;2
1771;2
1772;2
1773;0
1774;0
1775;1
1776;2
1777;1
1778;0
1779;1
1780;0
1781;2
1782;2
1783;1
1784;0
1785;2
1786;1
1787;2
1788;2
1789;0
1790;0
1791;0
1792;1
1793;2
1794;0
1795;2
1796;2
1797;0
1798;1
1799;2
1800;2
1801;0
1802;1
1803;2
1804;2
1805;2
1806;2
1807;0
1808;1
1809;1
1810;1
1811;2
1812;1
1813;0
1814;1
1815;2
1816;0
1817;2
1818;0
1819;0
1820;2
1821;0
1822;0
1823;0
1824;2
1825;1
1826;0
1827;1
1828;1
1829;2
1830;2
1831;0
1832;1
1833;2
1834;0
1835;0
1836;2
1837;1
1838;2
1839;0
1840;0
1841;0
1842;2
1843;2
1844;1
1845;1
1846;2
1847;1
1848;1
1849;2
1850;2
1851;0
1852;1
1853;2
1854;2
1855;0
1856;0
1857;1
1858;1
1859;2
1860;1
1861;0
1862;2
1863;0
1864;0
1865;1
1866;2
1867;0
1868;0
1869;2
1870;2
1871;0
1872;0
1873;0
1874;1
1875;1
1876;1
1877;2
1878;0
1879;0
1880;2
1881;0
1882;1
1883;1
1884;1
1885;0
1886;0
1887;0
1888;0
1889;2
1890;2
1891;0
1892;0
1893;1
1894;2
1895;1
1896;1
1897;2
1898;2
1899;0
1900;2
1901;2
1902;1
1903;1
1904;0
1905;2
1906;0
1907;0
1908;0
1909;2
1910;1
1911;0
1912;1
1913;0
1914;1
1915;1
1916;0
1917;2
1918;2
1919;0
1920;0
1921;1
1922;1
1923;1
1924;0
1925;1
1926;2
1927;0
1928;1
1929;0
1930;1
1931;1
1932;0
1933;2
1934;2
1935;0
1936;2
1937;0
1938;1
1939;1
1940;2
1941;2
1942;0
1943;0
1944;2
1945;2
1946;0
1947;1
1948;0
1949;2
1950;2
1951;2
1952;0
1953;0
1954;0
1955;1
1956;2
1957;2
1958;0
1959;1
1960;0
1961;2
1962;0
1963;1
1964;2
1965;0
1966;2
1967;2
1968;0
1969;0
1970;0
1971;1
1972;0
1973;2
1974;2
1975;2
1976;2
1977;0
1978;0
1979;2
1980;0
1981;2
1982;0
1983;0
1984;2
1985;0
1986;2
1987;0
1988;2
1989;0
1990;0
1991;0
1992;0
1993;1
1994;2
1995;0
1996;2
1997;2
1998;0
1999;1
2000;1
2001;1
2002;0
2003;0
2004;1
2005;1
2006;2
2007;0
2008;1
2009;1
2010;1
2011;2
2012;0
2013;2
2014;1
2015;2
2016;2
2017;0
2018;0
2019;0
2020;0
2021;1
2022;0
2023;0
2024;2
2025;1
2026;1
2027;2
2028;2
2029;1
2030;2
2031;2
2032;0
2033;0
2034;2
2035;2
2036;0
2037;0
2038;2
2039;0
2040;0
2041;1
2042;0
2043;0
2044;2
2045;2
2046;0
2047;0
2048;2
2049;1
2050;1
2051;0
2052;2
2053;2
2054;2
2055;0
2056;0
2057;1
2058;0
2059;1
2060;0
2061;0
2062;1
2063;0
2064;0
2065;0
2066;2
2067;0
2068;0
2069;0
2070;2
2071;0
2072;2
2073;0
2074;0
2075;2
2076;0
2077;2
2078;0
2079;0
2080;0
2081;2
2082;0
2083;2
2084;1
2085;0
2086;0
2087;2
2088;1
2089;0
2090;2
2091;0
2092;1
2093;2
2094;0
2095;1
2096;0
2097;0
2098;2
2099;0
2100;1
2101;0
2102;0
2103;1
2104;2
2105;2
2106;0
2107;0
2108;2
2109;0
2110;0
2111;2
2112;2
2113;0
2114;1
2115;0
2116;2
2117;1
2118;0
2119;0
2120;0
2121;0
2122;1
2123;2
2124;2
2125;1
2126;0
2127;1
2128;1
2129;0
2130;2
2131;2
2132;2
2133;2
2134;2
2135;2
2136;0
2137;1
2138;0
2139;2
2140;2
2141;1
2142;2
2143;2
2144;2
2145;2
2146;0
2147;0
2148;1
2149;1
2150;2
2151;2
2152;1
2153;2
2154;1
2155;2
2156;0
2157;1
2158;0
2159;1
2160;0
2161;0
2162;2
2163;2
2164;0
2165;0
2166;0
2167;0
2168;2
2169;0
2170;1
2171;2
2172;0
2173;2
2174;2
2175;2
2176;0
2177;1
2178;0
2179;2
2180;1
2181;2
2182;2
2183;0
2184;2
2185;1
2186;0
2187;1
2188;2
2189;2
2190;0
2191;0
2192;2
2193;2
2194;1
2195;0
2196;0
2197;0
2198;0
2199;0
2200;2
2201;2
2202;1
2203;0
2204;0
2205;0
2206;1
2207;2
2208;0
2209;0
2210;0
2211;0
2212;2
2213;1
2214;2
2215;2
2216;0
2217;0
2218;1
2219;2
2220;2
2221;0
2222;0
2223;1
2224;2
2225;0
2226;0
2227;0
2228;0
2229;1
2230;2
2231;2
2232;2
2233;2
2234;1
2235;0
2236;0
2237;2
2238;0
2239;0
2240;1
2241;1
2242;0
2243;2
2244;0
2245;0
2246;0
2247;2
2248;0
2249;2
2250;2
2251;0
2252;0
2253;2
2254;0
2255;2
2256;0
2257;2
2258;2
2259;1
2260;2
2261;2
2262;1
2263;1
2264;2
2265;0
2266;0
2267;0
2268;1
2269;0
2270;2
2271;1
2272;0
2273;2
2274;2
2275;0
2276;1
2277;0
2278;1
2279;2
2280;0
2281;1
2282;1
2283;2
2284;1
2285;2
2286;0
2287;0
2288;0
2289;2
2290;0
2291;1
2292;0
2293;2
2294;2
2295;0
2296;0
2297;2
2298;1
2299;1
2300;2
2301;0
2302;1
2303;1
2304;0
2305;1
2306;2
2307;1
2308;1
2309;2
2310;1
2311;2
2312;0
2313;1
2314;1
2315;1
2316;0
2317;1
2318;0
2319;2
2320;2
2321;0
2322;1
2323;0
2324;0
2325;0
2326;0
2327;2
2328;1
2329;2
2330;2
2331;2
2332;1
2333;0
2334;0
2335;0
2336;2
2337;2
2338;1
2339;2
2340;0
2341;0
2342;0
2343;2
2344;0
2345;1
2346;2
2347;2
2348;2
2349;0
2350;2
2351;1
2352;0
2353;0
2354;0
2355;2
2356;2
2357;0
2358;2
2359;0
2360;1
2361;2
2362;0
2363;2
2364;2
2365;1
2366;2
2367;1
2368;2
2369;2
2370;0
2371;1
2372;2
2373;1
2374;1
2375;0
2376;2
2377;0
2378;1
2379;2
2380;0
2381;1
2382;0
2383;2
2384;1
2385;2
2386;1
2387;2
2388;0
2389;1
2390;0
2391;0
2392;0
2393;0
2394;0
2395;0
2396;1
2397;0
2398;1
2399;2
2400;1
2401;2
2402;2
2403;2
2404;2
2405;2
2406;1
2407;0
2408;2
2409;0
2410;2
2411;2
2412;2
2413;2
2414;0
2415;0
2416;0
2417;2
2418;0
2419;1
2420;2
2421;2
2422;2
2423;2
2424;0
2425;0
2426;0
2427;0
2428;1
2429;1
2430;2
2431;2
2432;2
2433;0
2434;0
2435;0
2436;2
2437;0
2438;2
2439;2
2440;0
2441;0
2442;1
2443;0
2444;0
2445;0
2446;2
2447;1
2448;0
2449;0
2450;2
2451;1
2452;2
2453;1
2454;2
2455;2
2456;0
2457;0
2458;0
2459;2
2460;0
2461;1
2462;1
2463;0
2464;2
2465;0
2466;2
2467;0
2468;2
2469;0
2470;0
2471;2
2472;2
2473;0
2474;0
2475;1
2476;1
2477;1
2478;0
2479;0
2480;2
2481;0
2482;0
2483;0
2484;2
2485;1
2486;0
2487;0
2488;2
2489;0
2490;0
2491;2
2492;2
2493;2
2494;0
2495;2
2496;0
2497;2
2498;1
2499;2
2500;0
2501;1
2502;1
2503;1
2504;0
2505;0
2506;2
2507;2
2508;2
2509;2
2510;2
2511;2
2512;2
2513;2
2514;2
2515;0
2516;1
2517;0
2518;2
2519;0
2520;0
2521;0
2522;2
2523;2
2524;2
2525;0
2526;0
2527;2
2528;0
2529;0
2530;0
2531;0
2532;2
2533;0
2534;2
2535;2
2536;2
2537;0
2538;2
2539;2
2540;2
2541;2
2542;2
2543;1
2544;2
2545;0
2546;1
2547;1
2548;2
2549;2
2550;1
2551;1
2552;0
2553;0
2554;0
2555;0
2556;2
2557;1
2558;2
2559;0
2560;0
2561;2
2562;0
2563;2
2564;0
2565;0
2566;0
2567;2
2568;0
2569;2
2570;0
2571;1
2572;2
2573;0
2574;2
2575;0
2576;1
2577;1
2578;0
2579;2
2580;2
2581;0
2582;2
2583;2
2584;0
2585;2
2586;2
2587;1
2588;0
2589;0
2590;0
2591;2
2592;2
2593;0
2594;0
2595;2
2596;2
2597;0
2598;0
2599;2
2600;1
2601;0
2602;2
2603;2
2604;0
2605;0
2606;2
2607;1
2608;0
2609;0
2610;2
2611;0
2612;0
2613;0
2614;1
2615;0
2616;0
2617;0
2618;2
2619;0
2620;2
2621;0
2622;2
2623;1
2624;0
2625;0
2626;0
2627;0
2628;2
2629;0
2630;0
2631;1
2632;2
2633;1
2634;1
2635;2
2636;1
2637;1
2638;0
2639;2
2640;2
2641;1
2642;0
2643;2
2644;1
2645;1
2646;0
2647;0
2648;2
2649;0
2650;0
2651;1
2652;0
2653;2
2654;0
2655;0
2656;0
2657;0
2658;1
2659;2
2660;2
2661;2
2662;0
2663;0
2664;1
2665;2
2666;1
2667;2
2668;1
2669;0
2670;2
2671;2
2672;0
2673;2
2674;2
2675;0
2676;0
2677;2
2678;2
2679;2
2680;1
2681;2
2682;2
2683;0
2684;2
2685;2
2686;0
2687;0
2688;1
2689;1
2690;0
2691;0
2692;2
2693;0
2694;2
2695;2
2696;0
2697;2
2698;2
2699;2
2700;0
2701;2
2702;0
2703;2
2704;2
2705;2
2706;1
2707;2
2708;1
2709;1
2710;0
2711;0
2712;0
2713;0
2714;1
2715;1
2716;1
2717;2
2718;2
2719;2
2720;1
2721;2
2722;1
2723;1
2724;1
2725;0
2726;2
2727;2
2728;1
2729;2
2730;0
2731;2
2732;2
2733;0
2734;0
2735;2
2736;2
2737;1
2738;0
2739;0
2740;1
2741;2
2742;0
2743;1
2744;2
2745;0
2746;0
2747;2
2748;0
2749;2
2750;1
2751;2
2752;1
2753;2
2754;2
2755;0
2756;0
2757;0
2758;1
2759;2
2760;2
2761;0
2762;2
2763;0
2764;1
2765;0
2766;0
2767;2
2768;2
2769;0
2770;1
2771;0
2772;2
2773;2
2774;0
2775;1
2776;0
2777;2
2778;2
2779;0
2780;2
2781;0
2782;1
2783;0
2784;1
2785;1
2786;1
2787;0
2788;2
2789;2
2790;2
2791;0
2792;1
2793;1
2794;0
2795;2
2796;1
2797;0
2798;1
2799;0
2800;2
2801;0
2802;0
2803;1
2804;2
2805;0
2806;2
2807;0
2808;0
2809;1
2810;1
2811;2
2812;2
2813;1
2814;0
2815;1
2816;0
2817;2
2818;1
2819;2
2820;2
2821;2
2822;0
2823;2
2824;2
2825;2
2826;0
2827;0
2828;0
2829;1
2830;2
2831;2
2832;2
2833;1
2834;0
2835;0
2836;0
2837;0
2838;2
2839;0
2840;1
2841;0
2842;0
2843;2
2844;0
2845;1
2846;2
2847;0
2848;2
2849;0
2850;0
2851;2
2852;0
2853;0
2854;0
2855;0
2856;1
2857;0
2858;1
2859;2
2860;2
2861;0
2862;2
2863;0
2864;2
2865;2
2866;2
2867;2
2868;1
2869;2
2870;2
2871;2
2872;1
2873;0
2874;2
2875;0
2876;1
2877;1
2878;2
2879;1
2880;2
2881;0
2882;2
2883;2
2884;2
2885;0
2886;0
2887;0
2888;2
2889;2
2890;0
2891;2
2892;2
2893;0
2894;0
2895;2
2896;0
2897;0
2898;2
2899;2
2900;2
2901;1
2902;2
2903;0
2904;2
2905;0
2906;0
2907;1
2908;0
2909;2
2910;2
2911;2
2912;0
2913;1
2914;1
2915;0
2916;0
2917;2
2918;2
2919;0
2920;0
2921;0
2922;2
2923;0
2924;2
2925;0
2926;0
2927;1
2928;2
2929;0
2930;1
2931;0
2932;0
2933;0
2934;0
2935;1
2936;2
2937;2
2938;2
2939;2
2940;1
2941;2
2942;2
2943;1
2944;0
2945;0
2946;0
2947;0
2948;0
2949;0
2950;0
2951;2
2952;1
2953;2
2954;0
2955;0
2956;2
2957;2
2958;2
2959;2
2960;2
2961;2
2962;0
2963;1
2964;2
2965;2
2966;2
2967;0
2968;2
2969;2
2970;0
2971;2
2972;2
2973;2
2974;0
2975;0
2976;0
2977;2
2978;0
2979;1
2980;1
2981;0
2982;2
2983;2
2984;1
2985;2
2986;0
2987;0
2988;1
2989;0
2990;2
2991;2
2992;0
2993;0
2994;0
2995;0
2996;2
2997;0
2998;0
2999;2
3000;0
3001;2
3002;0
3003;0
3004;2
3005;0
3006;2
3007;0
3008;0
3009;2
3010;0
3011;2
3012;0
3013;1
3014;1
3015;0
3016;1
3017;2
3018;2
3019;2
3020;2
3021;1
3022;0
3023;2
3024;2
3025;2
3026;0
3027;0
3028;2
3029;2
3030;0
3031;0
3032;1
3033;1
3034;0
3035;0
3036;0
3037;2
3038;2
3039;1
3040;1
3041;1
3042;2
3043;2
3044;1
3045;2
3046;0
3047;0
3048;0
3049;0
3050;2
3051;1
3052;2
3053;2
3054;2
3055;0
3056;0
3057;2
3058;0
3059;2
3060;2
3061;2
3062;1
3063;2
3064;1
3065;1
3066;0
3067;2
3068;0
3069;1
3070;2
3071;2
3072;2
3073;2
3074;2
3075;2
3076;0
3077;0
3078;0
3079;0
3080;1
3081;2
3082;2
3083;0
3084;0
3085;1
3086;2
3087;2
3088;0
3089;0
3090;1
3091;1
3092;2
3093;2
3094;1
3095;0
3096;2
3097;0
3098;1
3099;2
3100;0
3101;2
3102;1
3103;1
3104;2
3105;1
3106;2
3107;1
3108;0
3109;0
3110;0
3111;2
3112;2
3113;2
3114;1
3115;0
3116;0
3117;0
3118;0
3119;2
3120;2
3121;2
3122;2
3123;0
3124;2
3125;2
3126;0
3127;0
3128;0
3129;2
3130;0
3131;0
3132;0
3133;2
3134;2
3135;2
3136;2
3137;0
3138;1
3139;0
3140;1
3141;0
3142;0
3143;1
3144;2
3145;2
3146;0
3147;0
3148;2
3149;0
3150;2
3151;0
3152;1
3153;1
3154;1
3155;2
3156;0
3157;2
3158;2
3159;0
3160;0
3161;2
3162;2
3163;1
3164;0
3165;1
3166;1
3167;1
3168;0
3169;0
3170;0
3171;0
3172;2
3173;0
3174;1
3175;0
3176;2
3177;1
3178;0
3179;2
3180;0
3181;1
3182;1
3183;2
3184;2
3185;1
3186;1
3187;2
3188;2
3189;2
3190;0
3191;1
3192;1
3193;0
3194;2
3195;2
3196;2
3197;0
3198;2
3199;0
3200;2
3201;0
3202;0
3203;0
3204;2
3205;0
3206;0
3207;2
3208;2
3209;2
3210;2
3211;0
3212;2
3213;1
3214;1
3215;2
3216;2
3217;0
3218;2
3219;0
3220;2
3221;2
3222;0
3223;2
3224;0
3225;0
3226;2
3227;0
3228;2
3229;2
3230;0
3231;0
3232;1
3233;2
3234;0
3235;1
3236;2
3237;0
3238;2
3239;2
3240;0
3241;0
3242;0
3243;0
3244;2
3245;0
3246;0
3247;0
3248;1
3249;1
3250;0
3251;1
3252;0
3253;2
3254;2
3255;0
3256;2
3257;2
3258;2
3259;0
3260;1
3261;2
3262;0
3263;0
3264;2
3265;1
3266;0
3267;2
3268;0
3269;2
3270;2
3271;2
3272;0
3273;2
3274;2
3275;1
3276;2
3277;1
3278;2
3279;0
3280;0
3281;1
3282;0
3283;0
3284;1
3285;2
3286;2
3287;2
3288;2
3289;1
3290;1
3291;2
3292;0
3293;1
3294;0
3295;0
3296;2
3297;0
3298;2
3299;0
3300;2
3301;1
3302;0
3303;1
3304;2
3305;2
3306;1
3307;0
3308;2
3309;2
3310;1
3311;0
3312;0
3313;0
3314;1
3315;1
3316;0
3317;2
3318;0
3319;0
3320;0
3321;2
3322;2
3323;0
3324;0
3325;2
3326;2
3327;0
3328;2
3329;2
3330;1
3331;2
3332;1
3333;1
3334;0
3335;1
3336;1
3337;0
3338;1
3339;2
3340;0
3341;0
3342;2
3343;0
3344;2
3345;0
3346;2
3347;0
3348;0
3349;2
3350;2
3351;2
3352;1
3353;2
3354;0
3355;2
3356;0
3357;2
3358;0
3359;2
3360;1
3361;2
3362;0
3363;0
3364;2
3365;0
3366;2
3367;0
3368;0
3369;2
3370;0
3371;1
3372;0
3373;2
3374;0
3375;1
3376;2
3377;0
3378;0
3379;2
3380;2
3381;0
3382;0
3383;2
3384;2
3385;0
3386;2
3387;0
3388;0
3389;2
3390;0
3391;2
3392;2
3393;1
3394;2
3395;2
3396;1
3397;2
3398;2
3399;0
3400;0
3401;0
3402;2
3403;0
3404;2
3405;0
3406;0
3407;2
3408;2
3409;2
3410;0
3411;0
3412;2
3413;2
3414;0
3415;0
3416;2
3417;2
3418;1
3419;2
3420;2
3421;1
3422;1
3423;2
3424;2
3425;2
3426;0
3427;0
3428;0
3429;2
3430;2
3431;0
3432;1
3433;0
3434;1
3435;2
3436;0
3437;2
3438;0
3439;2
3440;2
3441;2
3442;0
3443;1
3444;2
3445;0
3446;0
3447;1
3448;1
3449;2
3450;0
3451;2
3452;0
3453;0
3454;2
3455;2
3456;2
3457;0
3458;1
3459;1
3460;2
3461;0
3462;1
3463;1
3464;0
3465;2
3466;2
3467;0
3468;2
3469;1
3470;2
3471;2
3472;0
3473;1
3474;0
3475;1
3476;2
3477;2
3478;2
3479;0
3480;2
3481;0
3482;0
3483;2
3484;2
3485;0
3486;1
3487;0
3488;2
3489;1
3490;2
3491;0
3492;0
3493;0
3494;1
3495;1
3496;2
3497;2
3498;2
3499;0
3500;2
3501;1
3502;2
3503;0
3504;1
3505;2
3506;1
3507;0
3508;2
3509;0
3510;1
3511;0
3512;0
3513;0
3514;1
3515;0
3516;2
3517;0
3518;2
3519;2
3520;0
3521;0
3522;1
3523;2
3524;0
3525;0
3526;0
3527;0
3528;2
3529;1
3530;0
3531;0
3532;2
3533;0
3534;0
3535;2
3536;2
3537;2
3538;1
3539;2
3540;2
3541;0
3542;2
3543;0
3544;0
3545;0
3546;2
3547;0
3548;2
3549;0
3550;0
3551;0
3552;0
3553;0
3554;1
3555;0
3556;2
3557;1
3558;2
3559;0
3560;1
3561;0
3562;0
3563;0
3564;0
3565;2
3566;2
3567;0
3568;1
3569;0
3570;2
3571;0
3572;2
3573;1
3574;0
3575;0
3576;0
3577;0
3578;1
3579;0
3580;0
3581;2
3582;0
3583;1
3584;2
3585;2
3586;1
3587;0
3588;0
3589;0
3590;1
3591;1
3592;0
3593;2
3594;2
3595;1
3596;0
3597;0
3598;0
3599;0
3600;1
3601;2
3602;0
3603;1
3604;2
3605;0
3606;0
3607;2
3608;2
3609;0
3610;2
3611;1
3612;0
3613;2
3614;2
3615;0
3616;0
3617;1
3618;2
3619;1
3620;0
3621;2
3622;0
3623;0
3624;0
3625;0
3626;0
3627;2
3628;0
3629;1
3630;0
3631;0
3632;1
3633;2
3634;0
3635;1
3636;2
3637;1
3638;1
3639;2
3640;0
3641;0
3642;0
3643;0
3644;1
3645;0
3646;0
3647;2
3648;0
3649;0
3650;2
3651;0
3652;2
3653;1
3654;2
3655;2
3656;0
3657;0
3658;0
3659;2
3660;2
3661;2
3662;1
3663;2
3664;0
3665;2
3666;0
3667;0
3668;1
3669;0
3670;0
3671;2
3672;0
3673;1
3674;0
3675;2
3676;1
3677;1
3678;1
3679;2
3680;2
3681;2
3682;0
3683;0
3684;0
3685;1
3686;1
3687;2
3688;0
3689;0
3690;0
3691;2
3692;1
3693;1
3694;0
3695;2
3696;1
3697;2
3698;0
3699;0
3700;2
3701;0
3702;2
3703;2
3704;0
3705;0
3706;0
3707;0
3708;1
3709;2
3710;0
3711;0
3712;0
3713;0
3714;2
3715;2
3716;0
3717;0
3718;2
3719;1
3720;0
3721;1
3722;0
3723;1
3724;0
3725;2
3726;2
3727;2
3728;2
3729;2
3730;0
3731;0
3732;1
3733;2
3734;0
3735;2
3736;0
3737;2
3738;0
3739;0
3740;1
3741;1
3742;1
3743;0
3744;2
3745;0
3746;2
3747;0
3748;1
3749;1
3750;1
3751;2
3752;1
3753;1
3754;2
3755;2
3756;2
3757;2
3758;2
3759;2
3760;1
3761;2
3762;1
3763;1
3764;2
3765;2
3766;1
3767;2
3768;0
3769;2
3770;0
3771;0
3772;2
3773;0
3774;2
3775;0
3776;0
3777;0
3778;2
3779;0
3780;1
3781;2
3782;0
3783;2
3784;0
3785;2
3786;2
3787;1
3788;0
3789;2
3790;1
3791;2
3792;2
3793;2
3794;0
3795;2
3796;0
3797;1
3798;2
3799;2
3800;1
3801;2
3802;2
3803;0
3804;2
3805;2
3806;1
3807;0
3808;2
3809;2
3810;1
3811;2
3812;2
3813;0
3814;2
3815;0
3816;1
3817;2
3818;2
3819;2
3820;0
3821;0
3822;0
3823;0
3824;2
3825;2
3826;0
3827;2
3828;1
3829;0
3830;0
3831;1
3832;0
3833;0
3834;2
3835;2
3836;2
3837;2
3838;2
3839;2
3840;1
3841;1
3842;2
3843;2
3844;2
3845;0
3846;0
3847;0
3848;2
3849;2
3850;0
3851;0
3852;0
3853;0
3854;0
3855;2
3856;0
3857;1
3858;2
3859;2
3860;1
3861;1
3862;2
3863;0
3864;0
3865;2
3866;2
3867;2
3868;0
3869;2
3870;0
3871;2
3872;2
3873;2
3874;0
3875;2
3876;1
3877;0
3878;2
3879;0
3880;2
3881;2
3882;0
3883;2
3884;2
3885;0
3886;2
3887;1
3888;0
3889;0
3890;1
3891;2
3892;0
3893;2
3894;1
3895;0
3896;0
3897;2
3898;2
3899;0
3900;1
3901;0
3902;2
3903;2
3904;0
3905;0
3906;0
3907;2
3908;1
3909;2
3910;1
3911;2
3912;0
3913;1
3914;0
3915;0
3916;0
3917;1
3918;2
3919;0
3920;2
3921;2
3922;1
3923;2
3924;0
3925;1
3926;0
3927;1
3928;2
3929;2
3930;2
3931;0
3932;2
3933;0
3934;1
3935;0
3936;0
3937;0
3938;1
3939;2
3940;1
3941;2
3942;0
3943;2
3944;0
3945;0
3946;2
3947;1
3948;2
3949;0
3950;2
3951;0
3952;0
3953;2
3954;0
3955;1
3956;1
3957;1
3958;0
3959;1
3960;0
3961;0
3962;1
3963;0
3964;2
3965;1
3966;2
3967;2
3968;0
3969;0
3970;1
3971;0
3972;0
3973;2
3974;2
3975;2
3976;2
3977;0
3978;1
3979;2
3980;1
3981;2
3982;2
3983;2
3984;1
3985;0
3986;0
3987;1
3988;0
3989;2
3990;2
3991;2
3992;2
3993;2
3994;0
3995;0
3996;1
3997;2
3998;1
3999;0
4000;2
4001;0
4002;2
4003;0
4004;1
4005;0
4006;1
4007;2
4008;0
4009;1
4010;2
4011;2
4012;0
4013;0
4014;1
4015;0
4016;0
4017;0
4018;0
4019;1
4020;2
4021;0
4022;2
4023;0
4024;1
4025;2
4026;2
4027;2
4028;0
4029;0
4030;0
4031;2
4032;1
4033;0
4034;2
4035;2
4036;2
4037;2
4038;0
4039;2
4040;2
4041;0
4042;0
4043;2
4044;2
4045;2
4046;2
4047;0
4048;0
4049;1
4050;2
4051;0
4052;0
4053;0
4054;2
4055;0
4056;1
4057;2
4058;1
4059;0
4060;2
4061;2
4062;2
4063;1
4064;0
4065;0
4066;2
4067;0
4068;2
4069;2
4070;0
4071;0
4072;2
4073;2
4074;2
4075;2
4076;0
4077;2
4078;2
4079;2
4080;2
4081;0
4082;2
4083;2
4084;2
4085;0
4086;2
4087;0
4088;0
4089;2
4090;0
4091;0
4092;0
4093;0
4094;1
4095;0
4096;2
4097;2
4098;0
4099;2
4100;1
4101;2
4102;1
4103;0
4104;2
4105;0
4106;0
4107;2
4108;0
4109;2
4110;2
4111;0
4112;2
4113;1
4114;0
4115;2
4116;1
4117;0
4118;0
4119;1
4120;0
4121;2
4122;0
4123;0
4124;1
4125;1
4126;2
4127;0
4128;0
4129;2
4130;2
4131;2
4132;0
4133;2
4134;0
4135;2
4136;0
4137;2
4138;0
4139;2
4140;1
4141;1
4142;1
4143;2
4144;2
4145;2
4146;1
4147;2
4148;2
4149;0
4150;1
4151;1
4152;0
4153;2
4154;0
4155;2
4156;2
4157;1
4158;1
4159;1
4160;1
4161;0
4162;2
4163;0
4164;1
4165;1
4166;2
4167;2
4168;2
4169;1
4170;1
4171;2
4172;1
4173;2
4174;2
4175;0
4176;0
4177;0
4178;0
4179;0
4180;0
4181;2
4182;0
4183;0
4184;0
4185;0
4186;1
4187;0
4188;0
4189;1
4190;1
4191;2
4192;2
4193;2
4194;0
4195;0
4196;2
4197;2
4198;1
4199;1
4200;0
4201;0
4202;2
4203;1
4204;0
4205;0
4206;0
4207;2
4208;0
4209;0
4210;2
4211;0
4212;0
4213;2
4214;1
4215;1
4216;1
4217;2
4218;0
4219;1
4220;0
4221;0
4222;2
4223;1
4224;0
4225;1
4226;1
4227;0
4228;0
4229;2
4230;2
4231;2
4232;2
4233;0
4234;2
4235;2
4236;2
4237;2
4238;0
4239;2
4240;2
4241;2
4242;2
4243;1
4244;2
4245;0
4246;2
4247;1
4248;1
4249;2
4250;1
4251;1
4252;0
4253;0
4254;2
4255;0
4256;0
4257;0
4258;0
4259;1
4260;0
4261;1
4262;1
4263;2
4264;2
4265;0
4266;2
4267;2
4268;1
4269;1
4270;2
4271;2
4272;1
4273;0
4274;0
4275;2
4276;0
4277;1
4278;2
4279;2
4280;2
4281;1
4282;0
4283;0
4284;0
4285;0
4286;1
4287;2
4288;0
4289;0
4290;0
4291;1
4292;2
4293;0
4294;0
4295;2
4296;0
4297;2
4298;0
4299;1
4300;1
4301;2
4302;1
4303;2
4304;0
4305;1
4306;1
4307;0
4308;0
4309;0
4310;0
4311;0
4312;2
4313;2
4314;2
4315;2
4316;2
4317;2
4318;2
4319;2
4320;2
4321;2
4322;0
4323;2
4324;2
4325;2
4326;0
4327;2
4328;2
4329;2
4330;1
4331;0
4332;0
4333;0
4334;1
4335;2
4336;2
4337;1
4338;1
4339;2
4340;1
4341;0
4342;2
4343;2
4344;1
4345;0
4346;1
4347;2
4348;2
4349;0
4350;1
4351;2
4352;1
4353;2
4354;0
4355;2
4356;0
4357;2
4358;0
4359;1
4360;2
4361;0
4362;0
4363;1
4364;0
4365;2
4366;2
4367;2
4368;0
4369;0
4370;0
4371;2
4372;2
4373;0
4374;1
4375;0
4376;0
4377;2
4378;2
4379;2
4380;0
4381;2
4382;2
4383;0
4384;2
4385;2
4386;0
4387;0
4388;1
4389;2
4390;2
4391;0
4392;0
4393;1
4394;0
4395;1
4396;0
4397;2
4398;2
4399;2
4400;1
4401;2
4402;0
4403;1
4404;0
4405;0
4406;2
4407;0
4408;2
4409;0
4410;1
4411;2
4412;0
4413;2
4414;0
4415;2
4416;0
4417;2
4418;2
4419;0
4420;2
4421;0
4422;1
4423;2
4424;2
4425;1
4426;2
4427;0
4428;0
4429;2
4430;2
4431;0
4432;2
4433;0
4434;0
4435;2
4436;1
4437;2
4438;0
4439;0
4440;0
4441;0
4442;2
4443;1
4444;1
4445;0
4446;2
4447;1
4448;2
4449;1
4450;2
4451;2
4452;2
4453;1
4454;0
4455;2
4456;2
4457;1
4458;0
4459;2
4460;0
4461;2
4462;0
4463;2
4464;0
4465;2
4466;0
4467;1
4468;1
4469;1
4470;0
4471;0
4472;1
4473;1
4474;0
4475;1
4476;0
4477;2
4478;2
4479;0
4480;2
4481;1
4482;0
4483;0
4484;0
4485;0
4486;2
4487;2
4488;0
4489;1
4490;0
4491;0
4492;0
4493;0
4494;2
4495;2
4496;1
4497;2
4498;1
4499;0
4500;2
4501;2
4502;0
4503;2
4504;0
4505;0
4506;2
4507;1
4508;2
4509;2
4510;0
4511;1
4512;2
4513;2
4514;2
4515;1
4516;2
4517;0
4518;0
4519;0
4520;1
4521;2
4522;2
4523;2
4524;2
4525;0
4526;2
4527;2
4528;0
4529;2
4530;0
4531;0
4532;2
4533;2
4534;0
4535;0
4536;0
4537;2
4538;2
4539;0
4540;2
4541;0
4542;2
4543;0
4544;1
4545;2
4546;0
4547;2
4548;1
4549;2
4550;2
4551;1
4552;1
4553;2
4554;2
4555;0
4556;2
4557;1
4558;2
4559;1
4560;2
4561;2
4562;1
4563;2
4564;1
4565;2
4566;1
4567;0
4568;0
4569;0
4570;1
4571;2
4572;2
4573;2
4574;1
4575;0
4576;2
4577;2
4578;2
4579;1
4580;2
4581;2
4582;0
4583;0
4584;0
4585;2
4586;2
4587;2
4588;1
4589;0
4590;1
4591;0
4592;2
4593;0
4594;0
4595;2
4596;0
4597;2
4598;0
4599;0
4600;2
4601;2
4602;0
4603;0
4604;1
4605;0
4606;0
4607;2
4608;0
4609;1
4610;1
4611;1
4612;0
4613;2
4614;2
4615;2
4616;2
4617;2
4618;1
4619;1
4620;2
4621;1
4622;0
4623;2
4624;0
4625;1
4626;1
4627;0
4628;2
4629;0
4630;2
4631;0
4632;2
4633;2
4634;0
4635;0
4636;2
4637;1
4638;1
4639;2
4640;0
4641;0
4642;2
4643;2
4644;0
4645;1
4646;2
4647;2
4648;0
4649;2
4650;2
4651;0
4652;0
4653;2
4654;0
4655;0
4656;2
4657;0
4658;1
4659;0
4660;0
4661;2
4662;0
4663;2
4664;1
4665;2
4666;1
4667;1
4668;2
4669;2
4670;1
4671;2
4672;2
4673;0
4674;1
4675;0
4676;2
4677;1
4678;0
4679;0
4680;2
4681;0
4682;2
4683;0
4684;1
4685;0
4686;2
4687;2
4688;0
4689;2
4690;0
4691;0
4692;0
4693;1
4694;1
4695;0
4696;2
4697;0
4698;0
4699;2
4700;2
4701;2
4702;1
4703;1
4704;2
4705;0
4706;2
4707;2
4708;2
4709;0
4710;1
4711;2
4712;0
4713;2
4714;2
4715;2
4716;2
4717;0
4718;0
4719;1
4720;0
4721;2
4722;1
4723;1
4724;2
4725;1
4726;0
4727;0
4728;0
4729;1
4730;1
4731;0
4732;0
4733;0
4734;0
4735;0
4736;1
4737;1
4738;0
4739;2
4740;1
4741;0
4742;0
4743;0
4744;2
4745;2
4746;1
4747;0
4748;2
4749;2
4750;0
4751;2
4752;2
4753;0
4754;1
4755;2
4756;1
4757;0
4758;2
4759;1
4760;2
4761;1
4762;1
4763;1
4764;0
4765;2
4766;1
4767;2
4768;2
4769;2
4770;2
4771;2
4772;0
4773;1
4774;2
4775;2
4776;0
4777;2
4778;2
4779;0
4780;2
4781;0
4782;0
4783;2
4784;2
4785;0
4786;2
4787;2
4788;0
4789;2
4790;1
4791;0
4792;1
4793;0
4794;0
4795;2
4796;0
4797;1
4798;2
4799;0
4800;2
4801;0
4802;1
4803;0
4804;2
4805;0
4806;2
4807;2
4808;0
4809;0
4810;1
4811;0
4812;2
4813;0
4814;0
4815;2
4816;0
4817;2
4818;0
4819;2
4820;2
4821;1
4822;0
4823;2
4824;0
4825;1
4826;2
4827;2
4828;2
4829;0
4830;2
4831;2
4832;0
4833;0
4834;1
4835;2
4836;1
4837;1
4838;1
4839;0
4840;2
4841;2
4842;1
4843;0
4844;0
4845;0
4846;2
4847;2
4848;2
4849;0
4850;0
4851;0
4852;2
4853;0
4854;0
4855;2
4856;0
4857;0
4858;2
4859;2
4860;2
4861;1
4862;0
4863;1
4864;2
4865;0
4866;2
4867;0
4868;2
4869;1
4870;0
4871;1
4872;1
4873;0
4874;0
4875;2
4876;2
4877;0
4878;1
4879;2
4880;2
4881;0
4882;0
4883;0
4884;0
4885;0
4886;0
4887;1
4888;0
4889;1
4890;2
4891;0
4892;2
4893;0
4894;0
4895;0
4896;0
4897;2
4898;1
4899;2
4900;2
4901;1
4902;1
4903;1
4904;0
4905;1
4906;2
4907;2
4908;2
4909;2
4910;0
4911;0
4912;1
4913;1
4914;1
4915;2
4916;1
4917;1
4918;0
4919;2
4920;0
4921;2
4922;0
4923;1
4924;0
4925;2
4926;0
4927;1
4928;0
4929;2
4930;2
4931;1
4932;1
4933;0
4934;1
4935;0
4936;0
4937;2
4938;2
4939;0
4940;0
4941;0
4942;1
4943;0
4944;0
4945;1
4946;1
4947;2
4948;1
4949;2
4950;2
4951;1
4952;0
4953;2
4954;2
4955;1
4956;0
4957;2
4958;0
4959;1
4960;0
4961;2
4962;2
4963;1
4964;1
4965;0
4966;2
4967;0
4968;0
4969;0
4970;1
4971;2
4972;0
4973;2
4974;2
4975;1
4976;1
4977;2
4978;0
4979;0
4980;0
4981;1
4982;0
4983;1
4984;0
4985;1
4986;2
4987;2
4988;0
4989;1
4990;2
4991;1
4992;1
4993;2
4994;0
4995;0
4996;0
4997;1
4998;2
4999;1
5000;2
5001;1
5002;0
5003;2
5004;1
5005;1
5006;0
5007;0
5008;0
5009;2
5010;1
5011;2
5012;1
5013;0
5014;1
5015;1
5016;2
5017;0
5018;2
5019;1
5020;2
5021;0
5022;2
5023;2
5024;0
5025;2
5026;2
5027;0
5028;2
5029;0
5030;2
5031;0
5032;2
5033;2
5034;1
5035;2
5036;1
5037;2
5038;1
5039;0
5040;1
5041;2
5042;0
5043;0
5044;2
5045;1
5046;1
5047;0
5048;0
5049;2
5050;1
5051;0
5052;2
5053;0
5054;1
5055;2
5056;0
5057;0
5058;0
5059;2
5060;0
5061;2
5062;0
5063;2
5064;1
5065;0
5066;0
5067;0
5068;0
5069;1
5070;0
5071;2
5072;0
5073;1
5074;0
5075;2
5076;2
5077;2
5078;2
5079;1
5080;0
5081;1
5082;2
5083;2
5084;0
5085;2
5086;2
5087;0
5088;0
5089;2
5090;2
5091;2
5092;2
5093;0
5094;2
5095;0
5096;0
5097;1
5098;0
5099;1
5100;0
5101;2
5102;2
5103;0
5104;0
5105;2
5106;0
5107;0
5108;2
5109;2
5110;1
5111;1
5112;0
5113;2
5114;0
5115;2
5116;2
5117;1
5118;0
5119;0
5120;0
5121;2
5122;1
5123;1
5124;2
5125;1
5126;1
5127;0
5128;2
5129;2
5130;0
5131;0
5132;0
5133;2
5134;2
5135;0
5136;2
5137;1
5138;0
5139;2
5140;0
5141;2
5142;1
5143;1
5144;2
5145;0
5146;0
5147;2
5148;2
5149;2
5150;0
5151;0
5152;2
5153;2
5154;1
5155;1
5156;2
5157;2
5158;0
5159;2
5160;2
5161;1
5162;1
5163;2
5164;0
5165;0
5166;0
5167;0
5168;2
5169;0
5170;0
5171;0
5172;1
5173;0
5174;2
5175;2
5176;1
5177;2
5178;2
5179;0
5180;0
5181;2
5182;1
5183;2
5184;2
5185;2
5186;2
5187;0
5188;2
5189;2
5190;2
5191;0
5192;2
5193;2
5194;0
5195;2
5196;0
5197;2
5198;1
5199;0
5200;1
5201;2
5202;0
5203;2
5204;2
5205;0
5206;0
5207;0
5208;2
5209;0
5210;2
5211;2
5212;0
5213;0
5214;0
5215;0
5216;2
5217;2
5218;0
5219;0
5220;2
5221;0
5222;2
5223;0
5224;0
5225;1
5226;0
5227;1
5228;0
5229;2
5230;0
5231;0
5232;2
5233;1
5234;0
5235;2
5236;2
5237;1
5238;2
5239;2
5240;2
5241;1
5242;0
5243;2
5244;0
5245;0
5246;1
5247;2
5248;2
5249;2
5250;1
5251;0
5252;0
5253;1
5254;2
5255;1
5256;2
5257;2
5258;0
5259;1
5260;2
5261;1
5262;2
5263;2
5264;1
5265;2
